NucSubst,ObsToExp
T>A,0
T>C,0.54228855721393
T>G,0
A>T,0
A>C,0
A>G,0.283854166666667
G>A,9.08333333333333
G>C,0
G>T,0
C>A,0
C>T,5.73684210526316
C>G,0
