"NucSubst","ObsToExp"
"T>A",0
"T>C",2.22954545454545
"T>G",0
"A>T",0
"A>C",0.08515625
"A>G",0.298046875
"G>A",5.25535714285714
"G>C",0
"G>T",0
"C>A",0
"C>T",1.94642857142857
"C>G",0
