"NucSubst","ObsToExp"
"T>A",0
"T>C",3.59404712691195
"T>G",0
"A>T",0
"A>C",0.024042410214291
"A>G",0.192339281714328
"G>A",2.63135593220339
"G>C",0
"G>T",0
"C>A",0
"C>T",2.56174334140436
"C>G",0
