"NucSubst","ObsToExp"
"T>A",0
"T>C",3.72626215840667
"T>G",0
"A>T",0.0819809950831784
"A>C",0
"A>G",0.409904975415892
"G>A",7.18838421444527
"G>C",0
"G>T",0
"C>A",0
"C>T",0.985906862745098
"C>G",0
