"NucSubst","ObsToExp"
"T>A",0.270486970876076
"T>C",2.02865228157057
"T>G",0
"A>T",0.045560544647778
"A>C",0.011390136161945
"A>G",0.079730953133612
"G>A",24.8654808226793
"G>C",0
"G>T",0
"C>A",0.054761165882887
"C>T",3.17614762120742
"C>G",0
