"NucSubst","ObsToExp"
"T>A",0.118598382749326
"T>C",1.66037735849057
"T>G",0.118598382749326
"A>T",0
"A>C",0.102969138511043
"A>G",0
"G>A",3.32075471698113
"G>C",0
"G>T",1.10691823899371
"C>A",1.24528301886792
"C>T",4.77358490566038
"C>G",0
