"NucSubst","ObsToExp"
"T>A",0
"T>C",3.54938271604938
"T>G",0
"A>T",0
"A>C",0
"A>G",0.159059474412171
"G>A",0.912698412698413
"G>C",0
"G>T",0
"C>A",0
"C>T",4.06565656565657
"C>G",0
