"NucSubst","ObsToExp"
"T>A",0
"T>C",8.20833333333333
"T>G",0
"A>T",0
"A>C",0.132659932659933
"A>G",0.132659932659933
"G>A",0
"G>C",0
"G>T",0
"C>A",0
"C>T",8.33862433862434
"C>G",0
