"NucSubst","ObsToExp"
"T>A",0.739614994934144
"T>C",10.354609929078
"T>G",0
"A>T",0.0254621555633066
"A>C",0.0509243111266132
"A>G",0.0254621555633066
"G>A",3.17698259187621
"G>C",0
"G>T",0
"C>A",0
"C>T",1.82728410513141
"C>G",0
