"NucSubst","ObsToExp"
"T>A",0.73054873054873
"T>C",2.55692055692056
"T>G",0
"A>T",0.0781222630933614
"A>C",0
"A>G",0.0781222630933614
"G>A",4.73030303030303
"G>C",0
"G>T",0
"C>A",0
"C>T",4.08597603946441
"C>G",0
