"NucSubst","ObsToExp"
"T>A",0
"T>C",5.25568181818182
"T>G",0
"A>T",0
"A>C",0.118856408609059
"A>G",0
"G>A",4.58677685950413
"G>C",0
"G>T",0
"C>A",1.01928374655647
"C>T",1.01928374655647
"C>G",0
