"NucSubst","ObsToExp"
"T>A",0
"T>C",0.774569845435987
"T>G",0
"A>T",0.153703703703704
"A>C",0
"A>G",0.461111111111111
"G>A",5.67521367521367
"G>C",0
"G>T",0
"C>A",0
"C>T",1.9212962962963
"C>G",0
