"NucSubst","ObsToExp"
"T>A",0.461301460823373
"T>C",5.99691899070385
"T>G",0.115325365205843
"A>T",0.0165931021305054
"A>C",0
"A>G",0.132744817044043
"G>A",5.03420289855072
"G>C",0
"G>T",0.41951690821256
"C>A",0.293130801687764
"C>T",2.34504641350211
"C>G",0
