"NucSubst","ObsToExp"
"T>A",0
"T>C",6.02325581395349
"T>G",0
"A>T",0.0586288856783334
"A>C",0.0146572214195834
"A>G",0.102600549937083
"G>A",2.26204747063054
"G>C",0
"G>T",0
"C>A",0.461933904528764
"C>T",4.31138310893513
"C>G",0
