"NucSubst","ObsToExp"
"T>A",0.048776032151991
"T>C",0.861709901351845
"T>G",0.048776032151991
"A>T",0.03940007780744
"A>C",0.013133359269147
"A>G",0.183867029768053
"G>A",4.4711362805992
"G>C",0
"G>T",0
"C>A",0.056303197607545
"C>T",3.26558546123764
"C>G",0
