"NucSubst","ObsToExp"
"T>A",0
"T>C",2.18981481481481
"T>G",0
"A>T",0
"A>C",0.207456140350877
"A>G",0.207456140350877
"G>A",1.43333333333333
"G>C",0
"G>T",0
"C>A",0
"C>T",0.666197183098592
"C>G",0
