"NucSubst","ObsToExp"
"T>A",0
"T>C",5.27272727272727
"T>G",0
"A>T",0
"A>C",0
"A>G",0.160692640692641
"G>A",7.10204081632653
"G>C",0
"G>T",0
"C>A",0.125541125541126
"C>T",3.01298701298701
"C>G",0
