"NucSubst","ObsToExp"
"T>A",0.320855614973262
"T>C",4.81283422459893
"T>G",0
"A>T",0.0307010063107624
"A>C",0
"A>G",0
"G>A",4.40559440559441
"G>C",0
"G>T",0
"C>A",0.194805194805195
"C>T",2.33766233766234
"C>G",0
