"NucSubst","ObsToExp"
"T>A",0.913319238900634
"T>C",8.67653276955603
"T>G",0.456659619450317
"A>T",0
"A>C",0
"A>G",0
"G>A",4.40816326530612
"G>C",0
"G>T",0
"C>A",0
"C>T",0
"C>G",0
