"NucSubst","ObsToExp"
"T>A",0.666666666666667
"T>C",6.66666666666667
"T>G",0.333333333333333
"A>T",0.054421768707483
"A>C",0
"A>G",0.0272108843537415
"G>A",4.63157894736842
"G>C",0
"G>T",0
"C>A",0
"C>T",2.05128205128205
"C>G",0
