"NucSubst","ObsToExp"
"T>A",1.37948717948718
"T>C",3.58666666666667
"T>G",0
"A>T",0
"A>C",0
"A>G",0.0362070125849653
"G>A",3.44871794871795
"G>C",0
"G>T",0
"C>A",0
"C>T",1.87049109083007
"C>G",0
