"NucSubst","ObsToExp"
"T>A",0
"T>C",3.21933924254633
"T>G",0.146333601933924
"A>T",0
"A>C",0
"A>G",0.147909502262443
"G>A",1.71445170660857
"G>C",0.131880900508351
"G>T",0.263761801016703
"C>A",0.102714932126697
"C>T",3.59502262443439
"C>G",0.102714932126697
