"NucSubst","ObsToExp"
"T>A",0.957792207792208
"T>C",4.78896103896104
"T>G",0
"A>T",0
"A>C",0
"A>G",0
"G>A",0.957792207792208
"G>C",0.957792207792208
"G>T",0
"C>A",0.443609022556391
"C>T",2.21804511278195
"C>G",0
