"NucSubst","ObsToExp"
"T>A",0.242875157629256
"T>C",0.83656998738966
"T>G",0
"A>T",0.103694730466384
"A>C",0.012961841308298
"A>G",0.155542095699576
"G>A",2.53254437869822
"G>C",0.126627218934911
"G>T",0.253254437869822
"C>A",0.379881656804734
"C>T",5.31834319526627
"C>G",0.126627218934911
