"NucSubst","ObsToExp"
"T>A",0.047864082277408
"T>C",0.765825316438533
"T>G",0.035898061708056
"A>T",0
"A>C",0.016970501134572
"A>G",0.084852505672859
"G>A",5.96989683747675
"G>C",0.099498280624612
"G>T",0.39799312249845
"C>A",0.253742340108182
"C>T",2.75944794867648
"C>G",0
