"NucSubst","ObsToExp"
"T>A",0.067764705882353
"T>C",0.745411764705882
"T>G",0
"A>T",0.164354697102722
"A>C",0.012642669007902
"A>G",0.22756804214223
"G>A",4.8868778280543
"G>C",0
"G>T",0.390950226244344
"C>A",0.149480968858131
"C>T",2.20484429065744
"C>G",0
