"NucSubst","ObsToExp"
"T>A",0.092713657434922
"T>C",0.537739213122548
"T>G",0.018542731486984
"A>T",0.059536303787807
"A>C",0
"A>G",0.238145215151226
"G>A",6.8936170212766
"G>C",0.51063829787234
"G>T",1.02127659574468
"C>A",0.187876354877559
"C>T",3.00602167804095
"C>G",0.125250903251706
