"NucSubst","ObsToExp"
"T>A",0.137251820420137
"T>C",0.995075698045995
"T>G",0.068625910210069
"A>T",0.054344819956856
"A>C",0.018114939985619
"A>G",0.27172409978428
"G>A",4.8038137147048
"G>C",0
"G>T",0.24019068573524
"C>A",0.080063561911747
"C>T",2.00158904779367
"C>G",0
