"NucSubst","ObsToExp"
"T>A",0
"T>C",0.867924528301887
"T>G",0
"A>T",0
"A>C",0.090229777694751
"A>G",0.360919110779002
"G>A",21.2641509433962
"G>C",0
"G>T",0
"C>A",0.276157804459691
"C>T",0.690394511149228
"C>G",0
