"NucSubst","ObsToExp"
"T>A",0.122749099639856
"T>C",0.736494597839136
"T>G",0
"A>T",0
"A>C",0
"A>G",0
"G>A",32.078431372549
"G>C",4.00980392156863
"G>T",0
"C>A",0.31656346749226
"C>T",5.38157894736842
"C>G",0
