"NucSubst","ObsToExp"
"T>A",0
"T>C",7.38095238095238
"T>G",0
"A>T",0
"A>C",0
"A>G",0.270217917675545
"G>A",8.85714285714286
"G>C",0
"G>T",0
"C>A",0
"C>T",1.59428571428571
"C>G",0
