"NucSubst","ObsToExp"
"T>A",0.039118652056086
"T>C",0.782373041121716
"T>G",0
"A>T",0.064154589371981
"A>C",0
"A>G",0.192463768115942
"G>A",3.06192358366271
"G>C",0.21870882740448
"G>T",0
"C>A",0
"C>T",3.25107716412064
"C>G",0
