"NucSubst","ObsToExp"
"T>A",0.144653219121304
"T>C",3.32702403979
"T>G",0
"A>T",0.0143442342206573
"A>C",0
"A>G",0.200819279089203
"G>A",4.98729755477929
"G>C",0.166243251825976
"G>T",0
"C>A",0.0880497855520982
"C>T",2.02514506769826
"C>G",0
