"NucSubst","ObsToExp"
"T>A",0.257334243006885
"T>C",2.87356571357688
"T>G",0
"A>T",0.041649816295098
"A>C",0.0118999475128852
"A>G",0.243948924014146
"G>A",3.08545190411954
"G>C",0
"G>T",0
"C>A",0
"C>T",2.59322629790226
"C>G",0
