"NucSubst","ObsToExp"
"T>A",0.220426632191338
"T>C",0.881706528765352
"T>G",0
"A>T",0
"A>C",0
"A>G",0.110516934046346
"G>A",2.96323529411765
"G>C",0
"G>T",0
"C>A",0.169990029910269
"C>T",4.75972083748754
"C>G",0
