"NucSubst","ObsToExp"
"T>A",0.218661455788959
"T>C",1.74929164631168
"T>G",0.10933072789448
"A>T",0.015815136739453
"A>C",0
"A>G",0.237227051091796
"G>A",3.55600953353762
"G>C",0
"G>T",0
"C>A",0
"C>T",2.97180796731359
"C>G",0
