"NucSubst","ObsToExp"
"T>A",0.678571428571429
"T>C",2.03571428571429
"T>G",0
"A>T",0.112759643916914
"A>C",0
"A>G",0.225519287833828
"G>A",4.07142857142857
"G>C",0
"G>T",0
"C>A",0
"C>T",2.17142857142857
"C>G",0
