"NucSubst","ObsToExp"
"T>A",0
"T>C",3.66541666666667
"T>G",0
"A>T",0
"A>C",0
"A>G",0.227295041728031
"G>A",1.87702702702703
"G>C",0.208558558558559
"G>T",0
"C>A",0
"C>T",3.48494623655914
"C>G",0
