"NucSubst","ObsToExp"
"T>A",0
"T>C",1.09173126614987
"T>G",0.545865633074935
"A>T",0
"A>C",0
"A>G",0.379809421071557
"G>A",2.81666666666667
"G>C",0
"G>T",0.938888888888889
"C>A",0
"C>T",3.09523809523809
"C>G",0
