"NucSubst","ObsToExp"
"T>A",0
"T>C",1.34641873278237
"T>G",0
"A>T",0.0314005782203662
"A>C",0.0314005782203662
"A>G",0.314005782203662
"G>A",2.26885880077369
"G>C",0
"G>T",0
"C>A",0.203504510756419
"C>T",3.66308119361554
"C>G",0
