"NucSubst","ObsToExp"
"T>A",0
"T>C",1.10408352054976
"T>G",0.029840095149993
"A>T",0
"A>C",0
"A>G",0.185525504964053
"G>A",8.31751207729469
"G>C",0.272705314009662
"G>T",1.36352657004831
"C>A",0.076103808560836
"C>T",2.09285473542299
"C>G",0
