"NucSubst","ObsToExp"
"T>A",0.172812328013209
"T>C",1.16648321408916
"T>G",0
"A>T",0.100624899855792
"A>C",0.050312449927896
"A>G",0.276718474603429
"G>A",3.64345991561181
"G>C",0
"G>T",0
"C>A",0
"C>T",1.52872444011685
"C>G",0
