"NucSubst","ObsToExp"
"T>A",0.225247524752475
"T>C",1.28712871287129
"T>G",0.032178217821782
"A>T",0.098170834032556
"A>C",0.039268333613022
"A>G",0.058902500419534
"G>A",3.83475588938204
"G>C",0
"G>T",0.159781495390918
"C>A",0
"C>T",1.4136600100688
"C>G",0
