"NucSubst","ObsToExp"
"T>A",0
"T>C",2.68356997971602
"T>G",0
"A>T",0.0848675348001796
"A>C",0
"A>G",0.169735069600359
"G>A",2.56561085972851
"G>C",0
"G>T",0
"C>A",0
"C>T",2.77941176470588
"C>G",0
