"NucSubst","ObsToExp"
"T>A",0
"T>C",3.22916666666667
"T>G",0
"A>T",0
"A>C",0.0541417165668663
"A>G",0.216566866267465
"G>A",4.31534090909091
"G>C",0
"G>T",0
"C>A",0.423828125
"C>T",2.54296875
"C>G",0
