"NucSubst","ObsToExp"
"T>A",0.177591036414566
"T>C",2.13109243697479
"T>G",0
"A>T",0.110207203448755
"A>C",0
"A>G",0.154290084828258
"G>A",3.29065743944637
"G>C",0
"G>T",0
"C>A",0.104758757435558
"C>T",2.40945142101785
"C>G",0
