"NucSubst","ObsToExp"
"T>A",0.195044328256422
"T>C",3.21823141623096
"T>G",0
"A>T",0.0839070567986231
"A>C",0.0167814113597246
"A>G",0.0503442340791738
"G>A",4.30722891566265
"G>C",0
"G>T",0
"C>A",0
"C>T",2.67663511187608
"C>G",0
