label,mut1,mut2,ratio,pval,pval_adj,asterics
directional,A>C,C>A,0.0,0.0,0.0,
directional,A>G,G>A,0.056818181818181816,1.111224175925437e-20,1.3334690111105244e-20,***
directional,A>T,T>A,0.0,0.0,0.0,
directional,C>G,G>C,0.0,0.0,0.0,
directional,C>T,T>C,0.26666666666666666,1.3127443164284712e-05,1.3127443164284712e-05,***
directional,G>T,T>G,0.0,0.0,0.0,
reciprocal,A>C,T>G,0.0,0.0,0.0,
reciprocal,A>G,T>C,0.1111111111111111,4.209852022540875e-09,4.209852022540875e-09,***
reciprocal,A>T,T>A,0.0,0.0,0.0,
reciprocal,C>G,G>C,0.0,0.0,0.0,
reciprocal,C>T,G>A,0.13636363636363635,1.911357536027706e-15,2.293629043233247e-15,***
reciprocal,G>T,C>A,0.0,0.0,0.0,
