label,mut1,mut2,ratio,pval,pval_adj,asterics
directional,A>C,C>A,0.0,0.0,0.0,
directional,A>G,G>A,0.01639344262295082,2.7321894746634715e-17,4.0982842119952074e-17,***
directional,A>T,T>A,0.1111111111111111,0.021484374999999997,0.025781249999999995,*
directional,C>G,G>C,0.0,0.0,0.0,
directional,C>T,T>C,1.5757575757575757,0.05025089533529151,0.05025089533529151,
directional,G>T,T>G,0.0,0.0,0.0,
reciprocal,A>C,T>G,0.0,0.0,0.0,
reciprocal,A>G,T>C,0.030303030303030304,4.0745362639427185e-09,6.111804395914078e-09,***
reciprocal,A>T,T>A,0.1111111111111111,0.021484374999999997,0.025781249999999995,*
reciprocal,C>G,G>C,0.0,0.0,0.0,
reciprocal,C>T,G>A,0.8524590163934426,0.4518532686657425,0.4518532686657425,
reciprocal,G>T,C>A,0.0,0.0,0.0,
