label,mut1,mut2,ratio,pval,pval_adj,asterics
directional,A>C,C>A,0.0,0.0,0.0,
directional,A>G,G>A,0.026402640264026403,9.758586708238582e-79,1.9517173416477164e-78,***
directional,A>T,T>A,0.03571428571428571,1.117587089538574e-07,1.3411045074462888e-07,***
directional,C>G,G>C,0.0,0.0,0.0,
directional,C>T,T>C,0.39058171745152354,2.802073446166873e-23,4.2031101692503095e-23,***
directional,G>T,T>G,3.5714285714285716,0.002102401573210955,0.002102401573210955,**
reciprocal,A>C,T>G,0.0,0.0,0.0,
reciprocal,A>G,T>C,0.0221606648199446,1.3432259342181454e-95,2.6864518684362907e-95,***
reciprocal,A>T,T>A,0.03571428571428571,1.117587089538574e-07,1.3411045074462888e-07,***
reciprocal,C>G,G>C,0.0,0.0,0.0,
reciprocal,C>T,G>A,0.46534653465346537,1.0994427659656131e-14,1.64916414894842e-14,***
reciprocal,G>T,C>A,1.3888888888888888,0.36037765293576723,0.36037765293576723,
