label,mut1,mut2,ratio,pval,pval_adj,asterics
directional,A>C,C>A,0.0,0.0,0.0,
directional,A>G,G>A,0.008,2.9857556510886106e-36,3.5829067813063325e-36,***
directional,A>T,T>A,0.034482758620689655,5.774199962615969e-08,5.774199962615969e-08,***
directional,C>G,G>C,0.0,0.0,0.0,
directional,C>T,T>C,0.1769041769041769,8.84313067712858e-58,1.3264696015692872e-57,***
directional,G>T,T>G,0.0,0.0,0.0,
reciprocal,A>C,T>G,0.0,0.0,0.0,
reciprocal,A>G,T>C,0.002457002457002457,1.2374141352923613e-120,1.856121202938542e-120,***
reciprocal,A>T,T>A,0.034482758620689655,5.774199962615969e-08,6.929039955139162e-08,***
reciprocal,C>G,G>C,0.0,0.0,0.0,
reciprocal,C>T,G>A,0.576,0.00019507602627885954,0.00019507602627885954,***
reciprocal,G>T,C>A,0.0,0.0,0.0,
