label,mut1,mut2,ratio,pval,pval_adj,asterics
directional,A>C,C>A,0.0,0.0,0.0,
directional,A>G,G>A,0.058823529411764705,0.00014495849609375,0.0002899169921875,***
directional,A>T,T>A,0.0,0.0,0.0,
directional,C>G,G>C,1.0,1.0,1.0,
directional,C>T,T>C,1.1290322580645162,0.7122308826373509,0.8546770591648211,
directional,G>T,T>G,3.0,0.625,0.8546770591648211,
reciprocal,A>C,T>G,0.0,0.0,0.0,
reciprocal,A>G,T>C,0.03225806451612903,1.5366822481155396e-08,3.073364496231079e-08,***
reciprocal,A>T,T>A,0.0,0.0,0.0,
reciprocal,C>G,G>C,1.0,1.0,1.0,
reciprocal,C>T,G>A,2.0588235294117645,0.0175332352990849,0.026299852948627352,*
reciprocal,G>T,C>A,3.0,0.625,0.75,
