label,mut1,mut2,ratio,pval,pval_adj,asterics
directional,A>C,C>A,0.0,0.0,0.0,
directional,A>G,G>A,0.0058823529411764705,1.1492888253395509e-49,1.7239332380093264e-49,***
directional,A>T,T>A,0.08,5.647540092468263e-06,5.647540092468263e-06,***
directional,C>G,G>C,0.0,0.0,0.0,
directional,C>T,T>C,0.30612244897959184,3.322935623454241e-22,3.987522748145089e-22,***
directional,G>T,T>G,0.0,0.0,0.0,
reciprocal,A>C,T>G,0.0,0.0,0.0,
reciprocal,A>G,T>C,0.004081632653061225,4.368657680604229e-72,6.552986520906344e-72,***
reciprocal,A>T,T>A,0.08,5.647540092468263e-06,5.647540092468263e-06,***
reciprocal,C>G,G>C,0.0,0.0,0.0,
reciprocal,C>T,G>A,0.4411764705882353,1.1929632488847684e-09,1.431555898661722e-09,***
reciprocal,G>T,C>A,0.0,0.0,0.0,
