label,mut1,mut2,ratio,pval,pval_adj,asterics
directional,A>C,C>A,0.0,0.0,0.0,
directional,A>G,G>A,0.010526315789473684,2.4486242498060206e-27,2.9383490997672246e-27,***
directional,A>T,T>A,0.0,0.0,0.0,
directional,C>G,G>C,0.0,0.0,0.0,
directional,C>T,T>C,0.5252525252525253,0.000162429160393082,0.000162429160393082,***
directional,G>T,T>G,0.0,0.0,0.0,
reciprocal,A>C,T>G,0.0,0.0,0.0,
reciprocal,A>G,T>C,0.010101010101010102,1.5934990285464443e-28,1.912198834255733e-28,***
reciprocal,A>T,T>A,0.0,0.0,0.0,
reciprocal,C>G,G>C,0.0,0.0,0.0,
reciprocal,C>T,G>A,0.5473684210526316,0.0004896357481684635,0.0004896357481684635,***
reciprocal,G>T,C>A,0.0,0.0,0.0,
