label,mut1,mut2,ratio,pval,pval_adj,asterics
directional,A>C,C>A,0.0,0.0,0.0,
directional,A>G,G>A,0.030303030303030304,4.0745362639427185e-09,4.889443516731262e-09,***
directional,A>T,T>A,0.0,0.0,0.0,
directional,C>G,G>C,0.0,0.0,0.0,
directional,C>T,T>C,0.2222222222222222,0.00032406346872448916,0.00032406346872448916,***
directional,G>T,T>G,0.0,0.0,0.0,
reciprocal,A>C,T>G,0.0,0.0,0.0,
reciprocal,A>G,T>C,0.037037037037037035,2.160668373107909e-07,2.592802047729491e-07,***
reciprocal,A>T,T>A,0.0,0.0,0.0,
reciprocal,C>G,G>C,0.0,0.0,0.0,
reciprocal,C>T,G>A,0.18181818181818182,1.4299261238193143e-05,1.4299261238193143e-05,***
reciprocal,G>T,C>A,0.0,0.0,0.0,
