label,mut1,mut2,ratio,pval,pval_adj,asterics
directional,A>C,C>A,0.0,0.0,0.0,
directional,A>G,G>A,0.07722007722007722,3.7267045852573056e-54,5.590056877885959e-54,***
directional,A>T,T>A,0.13636363636363635,0.00015652179718017584,0.00018782615661621098,***
directional,C>G,G>C,0.0,0.0,0.0,
directional,C>T,T>C,0.9045643153526971,0.3044761732005888,0.3044761732005888,
directional,G>T,T>G,0.0,0.0,0.0,
reciprocal,A>C,T>G,0.0,0.0,0.0,
reciprocal,A>G,T>C,0.08298755186721991,2.465055878041506e-49,3.697583817062259e-49,***
reciprocal,A>T,T>A,0.13636363636363635,0.00015652179718017584,0.00018782615661621098,***
reciprocal,C>G,G>C,0.0,0.0,0.0,
reciprocal,C>T,G>A,0.8416988416988417,0.06691735443190894,0.06691735443190894,
reciprocal,G>T,C>A,0.0,0.0,0.0,
