label,mut1,mut2,ratio,pval,pval_adj,asterics
directional,A>C,C>A,0.0,0.0,0.0,
directional,A>G,G>A,0.05555555555555555,5.3987605497241e-09,8.098140824586151e-09,***
directional,A>T,T>A,0.16666666666666666,0.125,0.15,
directional,C>G,G>C,0.0,0.0,0.0,
directional,C>T,T>C,1.0555555555555556,0.9999999999999993,0.9999999999999993,
directional,G>T,T>G,0.0,0.0,0.0,
reciprocal,A>C,T>G,0.0,0.0,0.0,
reciprocal,A>G,T>C,0.1111111111111111,0.0004024505615234376,0.0006036758422851565,***
reciprocal,A>T,T>A,0.16666666666666666,0.125,0.125,
reciprocal,C>G,G>C,0.0,0.0,0.0,
reciprocal,C>T,G>A,0.5277777777777778,0.030028945411892497,0.036034734494271,*
reciprocal,G>T,C>A,0.0,0.0,0.0,
