label,mut1,mut2,ratio,pval,pval_adj,asterics
directional,A>C,C>A,0.0,0.0,0.0,
directional,A>G,G>A,0.040229885057471264,1.308734501456951e-84,1.9631017521854266e-84,***
directional,A>T,T>A,0.1,0.011718750000000002,0.011718750000000002,*
directional,C>G,G>C,0.0,0.0,0.0,
directional,C>T,T>C,0.6077586206896551,2.8400853778344125e-06,3.408102453401295e-06,***
directional,G>T,T>G,0.0,0.0,0.0,
reciprocal,A>C,T>G,0.0,0.0,0.0,
reciprocal,A>G,T>C,0.0603448275862069,4.3998505607792636e-52,6.599775841168896e-52,***
reciprocal,A>T,T>A,0.1,0.011718750000000002,0.011718750000000002,*
reciprocal,C>G,G>C,0.0,0.0,0.0,
reciprocal,C>T,G>A,0.4051724137931034,3.038335658191008e-21,3.6460027898292095e-21,***
reciprocal,G>T,C>A,0.0,0.0,0.0,
