label,mut1,mut2,ratio,pval,pval_adj,asterics
directional,A>C,C>A,0.0,0.0,0.0,
directional,A>G,G>A,0.06666666666666667,2.9937969255242888e-49,4.490695388286433e-49,***
directional,A>T,T>A,0.07142857142857142,0.0009765624999999998,0.0009765624999999998,***
directional,C>G,G>C,0.0,0.0,0.0,
directional,C>T,T>C,1.6936936936936937,9.953844174209944e-06,1.1944613009051932e-05,***
directional,G>T,T>G,0.0,0.0,0.0,
reciprocal,A>C,T>G,0.0,0.0,0.0,
reciprocal,A>G,T>C,0.13513513513513514,2.7883495666182606e-19,4.182524349927391e-19,***
reciprocal,A>T,T>A,0.07142857142857142,0.0009765624999999998,0.0011718749999999997,**
reciprocal,C>G,G>C,0.0,0.0,0.0,
reciprocal,C>T,G>A,0.8355555555555556,0.0763597740040509,0.0763597740040509,
reciprocal,G>T,C>A,0.0,0.0,0.0,
