label,mut1,mut2,ratio,pval,pval_adj,asterics
directional,A>C,C>A,0.0,0.0,0.0,
directional,A>G,G>A,0.011673151750972763,3.1625120283435546e-72,4.743768042515332e-72,***
directional,A>T,T>A,0.4166666666666667,0.14346313476562497,0.14346313476562497,
directional,C>G,G>C,0.0,0.0,0.0,
directional,C>T,T>C,0.8333333333333334,0.09833432429105254,0.11800118914926305,
directional,G>T,T>G,0.0,0.0,0.0,
reciprocal,A>C,T>G,0.0,0.0,0.0,
reciprocal,A>G,T>C,0.015625,4.922558419884601e-53,7.383837629826902e-53,***
reciprocal,A>T,T>A,0.4166666666666667,0.14346313476562497,0.14346313476562497,
reciprocal,C>G,G>C,0.0,0.0,0.0,
reciprocal,C>T,G>A,0.622568093385214,2.3427980537014367e-06,2.811357664441724e-06,***
reciprocal,G>T,C>A,0.0,0.0,0.0,
