label,mut1,mut2,ratio,pval,pval_adj,asterics
directional,A>C,C>A,0.034482758620689655,5.774199962615969e-08,8.661299943923954e-08,***
directional,A>G,G>A,0.06153846153846154,9.667125149270605e-44,1.933425029854121e-43,***
directional,A>T,T>A,0.42105263157894735,0.05223898589611053,0.06268678307533262,
directional,C>G,G>C,1.0,1.0,1.0,
directional,C>T,T>C,6.3076923076923075,2.8895641234203063e-62,8.66869237026092e-62,***
directional,G>T,T>G,0.0,0.0,0.0,
reciprocal,A>C,T>G,0.0,0.0,0.0,
reciprocal,A>G,T>C,0.18461538461538463,5.917714592428807e-10,1.1835429184857613e-09,***
reciprocal,A>T,T>A,0.42105263157894735,0.05223898589611053,0.0783584788441658,
reciprocal,C>G,G>C,1.0,1.0,1.0,
reciprocal,C>T,G>A,2.1025641025641026,1.4411875089155361e-18,4.323562526746608e-18,***
reciprocal,G>T,C>A,0.6896551724137931,0.25286973016760356,0.3034436762011243,
