label,mut1,mut2,ratio,pval,pval_adj,asterics
directional,A>C,C>A,0.0,0.0,0.0,
directional,A>G,G>A,0.03494623655913978,1.404745219839768e-92,4.214235659519304e-92,***
directional,A>T,T>A,0.6,0.7265625000000002,0.7265625000000002,
directional,C>G,G>C,0.25,0.0005082604475319391,0.0006099125370383269,***
directional,C>T,T>C,5.586206896551724,1.3157373410766038e-23,2.6314746821532076e-23,***
directional,G>T,T>G,55.0,1.5820678100908483e-15,2.3731017151362725e-15,***
reciprocal,A>C,T>G,0.0,0.0,0.0,
reciprocal,A>G,T>C,0.4482758620689655,0.01952047278246027,0.023424567338952325,*
reciprocal,A>T,T>A,0.6,0.7265625000000002,0.7265625000000002,
reciprocal,C>G,G>C,0.25,0.0005082604475319391,0.0007623906712979087,***
reciprocal,C>T,G>A,0.43548387096774194,4.946156475529145e-20,1.4838469426587435e-19,***
reciprocal,G>T,C>A,5.5,1.175360280901862e-08,2.350720561803724e-08,***
