label,mut1,mut2,ratio,pval,pval_adj,asterics
directional,A>C,C>A,0.0,0.0,0.0,
directional,A>G,G>A,0.01680672268907563,5.55359955057288e-33,1.110719910114576e-32,***
directional,A>T,T>A,0.42857142857142855,0.3437499999999999,0.41249999999999987,
directional,C>G,G>C,0.0,0.0,0.0,
directional,C>T,T>C,1.1,0.7436441861052033,0.7436441861052033,
directional,G>T,T>G,5.0,0.21875000000000003,0.32812500000000006,
reciprocal,A>C,T>G,1.0,1.0,1.0,
reciprocal,A>G,T>C,0.05,4.110916052013637e-10,8.221832104027274e-10,***
reciprocal,A>T,T>A,0.42857142857142855,0.3437499999999999,0.41249999999999987,
reciprocal,C>G,G>C,0.0,0.0,0.0,
reciprocal,C>T,G>A,0.3697478991596639,3.6180933201637236e-09,5.427139980245586e-09,***
reciprocal,G>T,C>A,0.0,0.0,0.0,
