label,mut1,mut2,ratio,pval,pval_adj,asterics
directional,A>C,C>A,0.2,0.21875000000000003,0.21875000000000003,
directional,A>G,G>A,0.00320659642693541,0.0,0.0,
directional,A>T,T>A,0.16666666666666666,0.0001799911260604857,0.00021598935127258283,***
directional,C>G,G>C,0.0,0.0,0.0,
directional,C>T,T>C,1.5674157303370786,2.6539572526277775e-06,3.980935878941666e-06,***
directional,G>T,T>G,0.0,0.0,0.0,
reciprocal,A>C,T>G,0.0,0.0,0.0,
reciprocal,A>G,T>C,0.03932584269662921,5.56655050733059e-44,6.679860608796708e-44,***
reciprocal,A>T,T>A,0.16666666666666666,0.0001799911260604857,0.0001799911260604857,***
reciprocal,C>G,G>C,0.0,0.0,0.0,
reciprocal,C>T,G>A,0.12780577187356848,0.0,0.0,
reciprocal,G>T,C>A,0.0,0.0,0.0,
