label,mut1,mut2,ratio,pval,pval_adj,asterics
directional,A>C,C>A,0.25,0.375,0.44999999999999996,
directional,A>G,G>A,0.041176470588235294,2.4384247913799972e-82,4.8768495827599944e-82,***
directional,A>T,T>A,0.75,0.9999999999999998,0.9999999999999998,
directional,C>G,G>C,0.0,0.0,0.0,
directional,C>T,T>C,3.772727272727273,3.754594474223847e-26,5.631891711335771e-26,***
directional,G>T,T>G,0.0,0.0,0.0,
reciprocal,A>C,T>G,0.25,0.375,0.44999999999999996,
reciprocal,A>G,T>C,0.21212121212121213,3.1365426901467516e-09,6.273085380293503e-09,***
reciprocal,A>T,T>A,0.75,0.9999999999999998,0.9999999999999998,
reciprocal,C>G,G>C,0.0,0.0,0.0,
reciprocal,C>T,G>A,0.7323529411764705,0.00020309684617472528,0.0003046452692620879,***
reciprocal,G>T,C>A,0.0,0.0,0.0,
