label,mut1,mut2,ratio,pval,pval_adj,asterics
directional,A>C,C>A,0.06666666666666667,0.000518798828125,0.000518798828125,***
directional,A>G,G>A,0.014204545454545454,3.246700798327831e-97,6.493401596655662e-97,***
directional,A>T,T>A,0.0,0.0,0.0,
directional,C>G,G>C,0.0,0.0,0.0,
directional,C>T,T>C,3.6222222222222222,6.711491417060317e-17,1.0067237125590476e-16,***
directional,G>T,T>G,11.5,1.943111419677734e-05,2.331733703613281e-05,***
reciprocal,A>C,T>G,0.5,1.0,1.0,
reciprocal,A>G,T>C,0.1111111111111111,4.209852022540875e-09,6.314778033811313e-09,***
reciprocal,A>T,T>A,0.0,0.0,0.0,
reciprocal,C>G,G>C,0.0,0.0,0.0,
reciprocal,C>T,G>A,0.4630681818181818,5.310838195306754e-17,1.0621676390613508e-16,***
reciprocal,G>T,C>A,1.5333333333333334,0.2558750795433297,0.30705009545199563,
