label,mut1,mut2,ratio,pval,pval_adj,asterics
directional,A>C,C>A,0.08333333333333333,0.0034179687499999996,0.004101562499999999,**
directional,A>G,G>A,0.046511627906976744,2.3217723800397648e-91,4.6435447600795297e-91,***
directional,A>T,T>A,2.6,0.09625244140624999,0.09625244140624999,
directional,C>G,G>C,0.0,0.0,0.0,
directional,C>T,T>C,2.9491525423728815,2.3632185467138065e-14,3.54482782007071e-14,***
directional,G>T,T>G,0.0,0.0,0.0,
reciprocal,A>C,T>G,0.0,0.0,0.0,
reciprocal,A>G,T>C,0.3050847457627119,3.055057025444578e-06,4.582585538166867e-06,***
reciprocal,A>T,T>A,2.6,0.09625244140624999,0.09625244140624999,
reciprocal,C>G,G>C,0.0,0.0,0.0,
reciprocal,C>T,G>A,0.4496124031007752,1.284648016743427e-19,2.569296033486854e-19,***
reciprocal,G>T,C>A,2.5833333333333335,0.005401572654591285,0.006481887185509542,**
