label,mut1,mut2,ratio,pval,pval_adj,asterics
directional,A>C,C>A,0.25,0.375,0.375,
directional,A>G,G>A,0.05660377358490566,2.9030560260333374e-60,8.709168078100012e-60,***
directional,A>T,T>A,0.375,0.22656250000000003,0.27187500000000003,
directional,C>G,G>C,0.0,0.0,0.0,
directional,C>T,T>C,2.0,2.2278215116725884e-05,4.455643023345177e-05,***
directional,G>T,T>G,3.25,0.049041748046874986,0.07356262207031249,
reciprocal,A>C,T>G,0.25,0.375,0.375,
reciprocal,A>G,T>C,0.2727272727272727,1.652519847797991e-06,3.305039695595982e-06,***
reciprocal,A>T,T>A,0.375,0.22656250000000003,0.27187500000000003,
reciprocal,C>G,G>C,0.0,0.0,0.0,
reciprocal,C>T,G>A,0.41509433962264153,7.038600138934545e-16,2.1115800416803635e-15,***
reciprocal,G>T,C>A,3.25,0.049041748046874986,0.07356262207031249,
