label,mut1,mut2,ratio,pval,pval_adj,asterics
directional,A>C,C>A,0.0,0.0,0.0,
directional,A>G,G>A,0.021505376344086023,2.3205142710320546e-74,3.480771406548082e-74,***
directional,A>T,T>A,0.0,0.0,0.0,
directional,C>G,G>C,0.0,0.0,0.0,
directional,C>T,T>C,1.8918918918918919,0.0018401240468733445,0.0018401240468733445,**
directional,G>T,T>G,46.0,6.821210263296962e-13,8.185452315956353e-13,***
reciprocal,A>C,T>G,0.0,0.0,0.0,
reciprocal,A>G,T>C,0.16216216216216217,1.6361241250706373e-06,1.6361241250706373e-06,***
reciprocal,A>T,T>A,0.0,0.0,0.0,
reciprocal,C>G,G>C,0.0,0.0,0.0,
reciprocal,C>T,G>A,0.25089605734767023,1.142153915931163e-30,1.7132308738967446e-30,***
reciprocal,G>T,C>A,15.333333333333334,6.981082378842986e-11,8.377298854611582e-11,***
